Implementation,Model Card Size (KB), Response Size (KB),Total Latency (ms),DB Latency (ms), REST Layer (ms),MCP Layer (ms)
REST,11883.3525390625,11883.3525390625,6832.3192104034015,5758.0390028399415,1074.28020756346
Native MCP,11883.3525390625,28581.5888671875,13822.803368628956,5769.379144771956,,8053.4242238570005
Layered MCP,11883.3525390625,28581.5888671875,14749.830896556377,5740.6699490128085,1074.28020756346,8053.4242238570005
REST,120.6982421875,120.6982421875,80.90312942871918,68.24159844312817,12.661530985591014
Native MCP,120.6982421875,289.9716796875,145.22880699951202,65.3146452573128,,79.91416174219921
Layered MCP,120.6982421875,289.9716796875,158.24047305854037,63.5090940236114,12.661530985591014,79.91416174219921
REST,1182.8466796875,1182.8466796875,675.0328182760212,568.3992033932509,106.6336148827703
Native MCP,1182.8466796875,2847.5693359375,1294.87131010741,562.3831712454557,,732.4881388619542
Layered MCP,1182.8466796875,2847.5693359375,1413.4875680459663,568.9329790370539,106.6336148827703,732.4881388619542
